date,location,total_cases,new_cases,total_deaths,new_deaths,total_tests,new_tests,total_vaccinations,people_vaccinated,people_fully_vaccinated,new_vaccinations,new_cases_smoothed,new_deaths_smoothed
30-01-2020,India,1,1,,0,,,,,,,,
31-01-2020,India,1,0,,0,,,,,,,,
01-02-2020,India,1,0,,0,,,,,,,,
02-02-2020,India,2,1,,0,,,,,,,,
03-02-2020,India,3,1,,0,,,,,,,,
04-02-2020,India,3,0,,0,,,,,,,,
05-02-2020,India,3,0,,0,,,,,,,0.429,
06-02-2020,India,3,0,,0,,,,,,,0.286,
07-02-2020,India,3,0,,0,,,,,,,0.286,
08-02-2020,India,3,0,,0,,,,,,,0.286,
09-02-2020,India,3,0,,0,,,,,,,0.143,
10-02-2020,India,3,0,,0,,,,,,,0,
11-02-2020,India,3,0,,0,,,,,,,0,
12-02-2020,India,3,0,,0,,,,,,,0,
13-02-2020,India,3,0,,0,,,,,,,0,
14-02-2020,India,3,0,,0,,,,,,,0,
15-02-2020,India,3,0,,0,,,,,,,0,
16-02-2020,India,3,0,,0,,,,,,,0,
17-02-2020,India,3,0,,0,,,,,,,0,
18-02-2020,India,3,0,,0,,,,,,,0,
19-02-2020,India,3,0,,0,,,,,,,0,
20-02-2020,India,3,0,,0,,,,,,,0,
21-02-2020,India,3,0,,0,,,,,,,0,
22-02-2020,India,3,0,,0,,,,,,,0,
23-02-2020,India,3,0,,0,,,,,,,0,
24-02-2020,India,3,0,,0,,,,,,,0,
25-02-2020,India,3,0,,0,,,,,,,0,
26-02-2020,India,3,0,,0,,,,,,,0,
27-02-2020,India,3,0,,0,,,,,,,0,
28-02-2020,India,3,0,,0,,,,,,,0,
29-02-2020,India,3,0,,0,,,,,,,0,
01-03-2020,India,3,0,,0,,,,,,,0,
02-03-2020,India,5,2,,0,,,,,,,0.286,
03-03-2020,India,5,0,,0,,,,,,,0.286,
04-03-2020,India,28,23,,0,,,,,,,3.571,
05-03-2020,India,30,2,,0,,,,,,,3.857,
06-03-2020,India,31,1,,0,,,,,,,4,
07-03-2020,India,34,3,,0,,,,,,,4.429,
08-03-2020,India,39,5,,0,,,,,,,5.143,
09-03-2020,India,43,4,,0,,,,,,,5.429,
10-03-2020,India,56,13,,0,,,,,,,7.286,
11-03-2020,India,62,6,1,1,,,,,,,4.857,
12-03-2020,India,73,11,1,0,,,,,,,6.143,
13-03-2020,India,82,9,2,1,6500,,,,,,7.286,
14-03-2020,India,102,20,2,0,,,,,,,9.714,
15-03-2020,India,113,11,2,0,,,,,,,10.571,
16-03-2020,India,119,6,2,0,,,,,,,10.857,
17-03-2020,India,142,23,3,1,,,,,,,12.286,0.429
18-03-2020,India,156,14,3,0,13125,,,,,,13.429,0.286
19-03-2020,India,194,38,4,1,13316,191,,,,,17.286,0.429
20-03-2020,India,244,50,5,1,14376,1060,,,,,23.143,0.429
21-03-2020,India,330,86,4,0,15701,1325,,,,,32.571,
22-03-2020,India,396,66,7,3,16999,1298,,,,,40.429,
23-03-2020,India,499,103,10,3,20707,3708,,,,,54.286,
24-03-2020,India,536,37,10,0,20864,157,,,,,56.286,
25-03-2020,India,657,121,12,2,25144,4280,,,,,71.571,
26-03-2020,India,727,70,20,8,,,,,,,76.143,
27-03-2020,India,887,160,20,0,27688,,,,,,91.857,
28-03-2020,India,987,100,24,4,,,,,,,93.857,2.857
29-03-2020,India,1024,37,27,3,,,,,,,89.714,2.857
30-03-2020,India,1251,227,32,5,,,,,,,107.429,3.143
31-03-2020,India,1397,146,35,3,,,,,,,123,3.571
01-04-2020,India,1998,601,58,23,,,,,,,191.571,6.571
02-04-2020,India,2543,545,72,14,47951,,,,,,259.429,7.429
03-04-2020,India,2567,24,72,0,69245,21294,,,,,240,7.429
04-04-2020,India,3082,515,86,14,79950,10705,,,,,299.286,8.857
05-04-2020,India,3588,506,99,13,89534,9584,,,,,366.286,10.286
06-04-2020,India,4778,1190,136,37,101068,11534,,,,,503.857,14.857
07-04-2020,India,5311,533,150,14,114015,12947,,,,,559.143,16.429
08-04-2020,India,5916,605,178,28,127919,13904,,,,,559.714,17.143
09-04-2020,India,6725,809,226,48,144910,16991,,,,,597.429,22
10-04-2020,India,7598,873,246,20,161330,16420,,,,,718.714,24.857
11-04-2020,India,8446,848,288,42,179374,18044,,,,,766.286,28.857
12-04-2020,India,9205,759,331,43,195748,16374,,,,,802.429,33.143
13-04-2020,India,10453,1248,358,27,217554,21806,,,,,810.714,31.714
14-04-2020,India,11487,1034,393,35,244893,27339,,,,,882.286,34.714
15-04-2020,India,12322,835,405,12,274599,29706,,,,,915.143,32.429
16-04-2020,India,13430,1108,448,43,302956,28357,,,,,957.857,31.714
17-04-2020,India,14352,922,486,38,335123,32167,,,,,964.857,34.286
18-04-2020,India,15722,1370,521,35,372123,37000,,,,,1039.429,33.286
19-04-2020,India,17615,1893,559,38,401586,29463,,,,,1201.429,32.571
20-04-2020,India,18539,924,592,33,,,,,,,1155.143,33.429
21-04-2020,India,20080,1541,645,53,462621,,,,,,1227.571,36
22-04-2020,India,21370,1290,681,36,,,,,,,1292.571,39.429
23-04-2020,India,23077,1707,721,40,500542,,,,,,1378.143,39
24-04-2020,India,24530,1453,780,59,541789,41247,,,,,1454,42
25-04-2020,India,26283,1753,825,45,579957,38168,,,,,1508.714,43.429
26-04-2020,India,27890,1607,881,56,625309,45352,,,,,1467.857,46
27-04-2020,India,29451,1561,939,58,665819,40510,,,,,1558.857,49.571
28-04-2020,India,31324,1873,1008,69,716733,50914,,,,,1606.286,51.857
29-04-2020,India,33062,1738,1079,71,770764,54031,,,,,1670.286,56.857
30-04-2020,India,34863,1801,1154,75,830201,59437,,,,,1683.714,61.857
01-05-2020,India,37257,2394,1223,69,902654,72453,,,,,1818.143,63.286
02-05-2020,India,39699,2442,1323,100,976363,73709,,,,,1916.571,71.143
03-05-2020,India,42505,2806,1391,68,1046450,70087,,,,,2087.857,72.857
04-05-2020,India,46437,3932,1566,175,1107233,60783,,,,,2426.571,89.571
05-05-2020,India,49400,2963,1693,127,1191946,84713,,,,,2582.286,97.857
06-05-2020,India,52987,3587,1785,92,1276781,84835,,,,,2846.429,100.857
07-05-2020,India,56351,3364,1889,104,1357413,80632,,,,,3069.714,105
08-05-2020,India,59695,3344,1985,96,1437788,80375,,,,,3205.429,108.857
09-05-2020,India,62808,3113,2101,116,1523213,85425,,,,,3301.286,111.143
10-05-2020,India,67161,4353,2212,111,1609037,85824,,,,,3522.286,117.286
11-05-2020,India,70768,3607,2294,82,1673688,64651,,,,,3475.857,104
12-05-2020,India,74292,3524,2415,121,1759579,85891,,,,,3556,103.143
13-05-2020,India,78055,3763,2551,136,1854250,94671,,,,,3581.143,109.429
14-05-2020,India,81997,3942,2649,98,1947041,92791,,,,,3663.714,108.571
15-05-2020,India,85784,3787,2753,104,2039952,92911,,,,,3727,109.714
16-05-2020,India,90648,4864,2871,118,2134277,94325,,,,,3977.143,110
17-05-2020,India,95698,5050,3025,154,2227642,93365,,,,,4076.714,116.143
18-05-2020,India,100328,4630,3156,131,2302792,75150,,,,,4222.857,123.143
19-05-2020,India,106475,6147,3302,146,2404267,101475,,,,,4597.571,126.714
20-05-2020,India,112028,5553,3434,132,2512388,108121,,,,,4853.286,126.143
21-05-2020,India,118226,6198,3584,150,2615920,103532,,,,,5175.571,133.571
22-05-2020,India,124794,6568,3726,142,2719434,103514,,,,,5572.857,139
23-05-2020,India,131423,6629,3868,142,2834798,115364,,,,,5825,142.429
24-05-2020,India,138536,7113,4024,156,2943421,108623,,,,,6119.714,142.714
25-05-2020,India,144950,6414,4172,148,3033591,90170,,,,,6374.571,145.143
26-05-2020,India,150793,5843,4344,172,3126119,92528,,,,,6331.143,148.857
27-05-2020,India,158086,7293,4534,190,3242160,116041,,,,,6579.714,157.143
28-05-2020,India,165386,7300,4711,177,3362136,119976,,,,,6737.143,161
29-05-2020,India,173491,8105,4980,269,3483838,121702,,,,,6956.714,179.143
30-05-2020,India,181827,8336,5185,205,3611599,127761,,,,,7200.571,188.143
31-05-2020,India,190609,8782,5408,223,3737027,125428,,,,,7439,197.714
01-06-2020,India,198370,7761,5608,200,3837207,100180,,,,,7631.429,205.143
02-06-2020,India,207191,8821,5829,221,3966075,128868,,,,,8056.857,212.143
03-06-2020,India,216824,9633,6088,259,4103233,137158,,,,,8391.143,222
04-06-2020,India,226713,9889,6363,275,4242718,139485,,,,,8761,236
05-06-2020,India,236184,9471,6649,286,4386379,143661,,,,,8956.143,238.429
06-06-2020,India,246622,10438,6946,297,4524317,137938,,,,,9256.429,251.571
07-06-2020,India,257486,10864,7207,261,4666386,142069,,,,,9553.857,257
08-06-2020,India,265928,8442,7473,266,4774434,108048,,,,,9651.143,266.429
09-06-2020,India,276146,10218,7750,277,4916116,141682,,,,,9850.714,274.429
10-06-2020,India,286605,10459,8102,352,5061332,145216,,,,,9968.714,287.714
11-06-2020,India,297535,10930,8498,396,5213140,151808,,,,,10117.429,305
12-06-2020,India,308993,11458,8884,386,5363445,150305,,,,,10401.286,319.286
13-06-2020,India,320922,11929,9195,311,5507182,143737,,,,,10614.286,321.286
14-06-2020,India,332424,11502,9520,325,5658614,151432,,,,,10705.429,330.429
15-06-2020,India,343091,10667,9900,380,5774133,115519,,,,,11023.286,346.714
16-06-2020,India,354065,10974,11903,2003,5921069,146936,,,,,11131.286,593.286
17-06-2020,India,366946,12881,12237,334,6084256,163187,,,,,11477.286,590.714
18-06-2020,India,380532,13586,12573,336,6249668,165412,,,,,11856.714,582.143
19-06-2020,India,395048,14516,12948,375,6426627,176959,,,,,12293.571,580.571
20-06-2020,India,410451,15403,13254,306,6616496,189869,,,,,12789.857,579.857
21-06-2020,India,425282,14831,13699,445,6807226,190730,,,,,13265.429,597
22-06-2020,India,440215,14933,14011,312,6950493,143267,,,,,13874.857,587.286
23-06-2020,India,456183,15968,14476,465,7137716,187223,,,,,14588.286,367.571
24-06-2020,India,473105,16922,14894,418,7352911,215195,,,,,15165.571,379.571
25-06-2020,India,490401,17296,15301,407,7560782,207871,,,,,15695.571,389.714
26-06-2020,India,508953,18552,15685,384,7776228,215446,,,,,16272.143,391
27-06-2020,India,528859,19906,16095,410,7996707,220479,,,,,16915.429,405.857
28-06-2020,India,548318,19459,16475,380,8227802,231095,,,,,17576.571,396.571
29-06-2020,India,566840,18522,16893,418,8398362,170560,,,,,18089.286,411.714
30-06-2020,India,585481,18641,17400,507,8608654,210292,,,,,18471.143,417.714
01-07-2020,India,604641,19160,17834,434,8826585,217931,,,,,18790.857,420
02-07-2020,India,625544,20903,18213,379,9056173,229588,,,,,19306.143,416
03-07-2020,India,648315,22771,18655,442,9297749,241576,,,,,19908.857,424.286
04-07-2020,India,673165,24850,19268,613,9540132,242383,,,,,20615.143,453.286
05-07-2020,India,697413,24248,19693,425,9789066,248934,,,,,21299.286,459.714
06-07-2020,India,719664,22251,20159,466,9969662,180596,,,,,21832,466.571
07-07-2020,India,742417,22753,20642,483,10211092,241430,,,,,22419.429,463.143
08-07-2020,India,767296,24879,21129,487,10473771,262679,,,,,23236.429,470.714
09-07-2020,India,793802,26506,21604,475,10740832,267061,,,,,24036.857,484.429
10-07-2020,India,820916,27114,22123,519,11024491,283659,,,,,24657.286,495.429
11-07-2020,India,849522,28606,22673,550,11307002,282511,,,,,25193.857,486.429
12-07-2020,India,878254,28732,23174,501,11587153,280151,,,,,25834.429,497.286
13-07-2020,India,906752,28498,23727,553,11806256,219103,,,,,26726.857,509.714
14-07-2020,India,936181,29429,24309,582,12092503,286247,,,,,27680.571,523.857
15-07-2020,India,968857,32676,24914,605,12412664,320161,,,,,28794.429,540.714
16-07-2020,India,1003832,34975,25602,688,12739490,326826,,,,,30004.286,571.143
17-07-2020,India,1039084,35252,26273,671,13072718,333228,,,,,31166.857,592.857
18-07-2020,India,1077781,38697,26816,543,13433742,361024,,,,,32608.429,591.857
19-07-2020,India,1118206,40425,27497,681,13791869,358127,,,,,34278.857,617.571
20-07-2020,India,1155338,37132,28082,585,14047908,256039,,,,,35512.286,622.143
21-07-2020,India,1193078,37740,28732,650,14381303,333395,,,,,36699.571,631.857
22-07-2020,India,1238798,45720,29861,1129,14724546,343243,,,,,38563,706.714
23-07-2020,India,1288108,49310,30601,740,15075369,350823,,,,,40610.857,714.143
24-07-2020,India,1337024,48916,31358,757,15428170,352801,,,,,42562.857,726.429
25-07-2020,India,1385635,48611,32060,702,15849068,420898,,,,,43979.143,749.143
26-07-2020,India,1435616,49981,32771,711,16291331,442263,,,,,45344.286,753.429
27-07-2020,India,1480073,44457,33408,637,16806803,515472,,,,,46390.714,760.857
28-07-2020,India,1531669,51596,34193,785,17334885,528082,,,,,48370.143,780.143
29-07-2020,India,1581963,50294,34955,762,17743740,408855,,,,,49023.571,727.714
30-07-2020,India,1634746,52783,35718,763,18190382,446642,,,,,49519.714,731
31-07-2020,India,1695988,61242,36511,793,18832970,642588,,,,,51280.571,736.143
01-08-2020,India,1750723,54735,37364,853,19358659,525689,,,,,52155.429,757.714
02-08-2020,India,1803695,52972,38135,771,19821831,463172,,,,,52582.714,766.286
03-08-2020,India,1855745,52050,38938,803,20202858,381027,,,,,53667.429,790
04-08-2020,India,1908254,52509,39795,857,20864750,661892,,,,,53797.857,800.286
05-08-2020,India,1964536,56282,40699,904,21484402,619652,,,,,54653.286,820.571
06-08-2020,India,2027074,62538,41585,886,22149351,664949,,,,,56046.857,838.143
07-08-2020,India,2088611,61537,42518,933,22788393,639042,,,,,56089,858.143
08-08-2020,India,2153010,64399,43379,861,23387171,598778,,,,,57469.571,859.286
09-08-2020,India,2215074,62064,44386,1007,24106535,719364,,,,,58768.429,893
10-08-2020,India,2268675,53601,45257,871,24583558,477023,,,,,58990,902.714
11-08-2020,India,2329638,60963,46091,834,25281848,698290,,,,,60197.714,899.429
12-08-2020,India,2396637,66999,47033,942,26015297,733449,,,,,61728.714,904.857
13-08-2020,India,2461190,64553,48040,1007,26845688,830391,,,,,62016.571,922.143
14-08-2020,India,2525922,64732,49036,996,27694416,848728,,,,,62473,931.143
15-08-2020,India,2589952,64030,49980,944,28563095,868679,,,,,62420.286,943
16-08-2020,India,2647663,57711,50921,941,29309703,746608,,,,,61798.429,933.571
17-08-2020,India,2702681,55018,51797,876,30041400,731697,,,,,62000.857,934.286
18-08-2020,India,2767253,64572,52888,1091,30941264,899864,,,,,62516.429,971
19-08-2020,India,2836925,69672,53866,978,31742782,801518,,,,,62898.286,976.143
20-08-2020,India,2905825,68900,54849,983,32661252,918470,,,,,63519.286,972.714
21-08-2020,India,2975701,69876,55794,945,33467237,805985,,,,,64254.143,965.429
22-08-2020,India,3044940,69239,56706,912,34491073,1023836,,,,,64998.286,960.857
23-08-2020,India,3106348,61408,57542,836,35292220,801147,,,,,65526.429,945.857
24-08-2020,India,3167323,60975,58390,848,35902137,609917,,,,,66377.429,941.857
25-08-2020,India,3224547,57224,59357,967,36827520,925383,,,,,65327.714,924.143
26-08-2020,India,3310234,85687,60472,1115,37651512,823992,,,,,67615.571,943.714
27-08-2020,India,3387500,77266,61529,1057,38576510,924998,,,,,68810.714,954.286
28-08-2020,India,3463972,76472,62550,1021,39477848,901338,,,,,69753,965.143
29-08-2020,India,3542733,78761,63498,948,40406609,928761,,,,,71113.286,970.286
30-08-2020,India,3621245,78512,64469,971,41461636,1055027,,,,,73556.714,989.571
31-08-2020,India,3691166,69921,65288,819,42307914,846278,,,,,74834.714,985.429
01-09-2020,India,3769523,78357,66333,1045,43324834,1016920,,,,,77853.714,996.571
02-09-2020,India,3853406,83883,67376,1043,44337201,1012367,,,,,77596,986.286
03-09-2020,India,3936747,83341,68472,1096,45509380,1172179,,,,,78463.857,991.857
04-09-2020,India,4023179,86432,69561,1089,46679145,1169765,,,,,79886.714,1001.571
05-09-2020,India,4113811,90632,70626,1065,47738491,1059346,,,,,81582.571,1018.286
06-09-2020,India,4204613,90802,71642,1016,48831145,1092654,,,,,83338.286,1024.714
07-09-2020,India,4280422,75809,72775,1133,49551507,720362,,,,,84179.429,1069.571
08-09-2020,India,4370128,89706,73890,1115,50650128,1098621,,,,,85800.714,1079.571
09-09-2020,India,4465863,95735,75062,1172,51804677,1154549,,,,,87493.857,1098
10-09-2020,India,4562414,96551,76271,1209,52934433,1129756,,,,,89381,1114.143
11-09-2020,India,4659984,97570,77472,1201,54097975,1163542,,,,,90972.143,1130.143
12-09-2020,India,4754356,94372,78586,1114,55189226,1091251,,,,,91506.429,1137.143
13-09-2020,India,4846427,92071,79722,1136,56260928,1071702,,,,,91687.714,1154.286
14-09-2020,India,4930236,83809,80776,1054,57239428,978500,,,,,92830.571,1143
15-09-2020,India,5020359,90123,82066,1290,58312273,1072845,,,,,92890.143,1168
16-09-2020,India,5118253,97894,83198,1132,59429115,1116842,,,,,93198.571,1162.286
17-09-2020,India,5214677,96424,84372,1174,60565728,1136613,,,,,93180.429,1157.286
18-09-2020,India,5308014,93337,85619,1247,61572343,1006615,,,,,92575.714,1163.857
19-09-2020,India,5400619,92605,86752,1133,62454254,881911,,,,,92323.286,1166.571
20-09-2020,India,5487580,86961,87882,1130,63661060,1206806,,,,,91593.286,1165.714
21-09-2020,India,5562663,75083,88935,1053,64392594,731534,,,,,90346.714,1165.571
22-09-2020,India,5646010,83347,90020,1085,65325779,933185,,,,,89378.714,1136.286
23-09-2020,India,5732518,86508,91149,1129,66279462,953683,,,,,87752.143,1135.857
24-09-2020,India,5818570,86052,92290,1141,67436031,1156569,,,,,86270.429,1131.143
25-09-2020,India,5903932,85362,93379,1089,68928440,1492409,,,,,85131.143,1108.571
26-09-2020,India,5992532,88600,94503,1124,70269975,1341535,,,,,84559,1107.286
27-09-2020,India,6074702,82170,95542,1039,71257836,987861,,,,,83874.571,1094.286
28-09-2020,India,6145291,70589,96318,776,71967230,709394,,,,,83232.571,1054.714
29-09-2020,India,6225763,80472,97497,1179,73110041,1142811,,,,,82821.857,1068.143
30-09-2020,India,6312584,86821,98678,1181,74196729,1086688,,,,,82866.571,1075.571
01-10-2020,India,6394068,81484,99773,1095,75619781,1423052,,,,,82214,1069
02-10-2020,India,6473544,79476,100842,1069,76717728,1097947,,,,,81373.143,1066.143
03-10-2020,India,6549373,75829,101782,940,77850403,1132675,,,,,79548.714,1039.857
04-10-2020,India,6623815,74442,102685,903,78992534,1142131,,,,,78444.714,1020.429
05-10-2020,India,6685082,61267,103569,884,79982394,989860,,,,,77113,1035.857
06-10-2020,India,6757131,72049,104555,986,81071797,1089403,,,,,75909.714,1008.286
07-10-2020,India,6835655,78524,105526,971,82271654,1199857,,,,,74724.429,978.286
08-10-2020,India,6906151,70496,106490,964,83465975,1194321,,,,,73154.714,959.571
09-10-2020,India,6979423,73272,107416,926,84634680,1168705,,,,,72268.429,939.143
10-10-2020,India,7053806,74383,108334,918,85798698,1164018,,,,,72061.857,936
11-10-2020,India,7120538,66732,109150,816,86877242,1078544,,,,,70960.429,923.571
12-10-2020,India,7175880,55342,109856,706,87872093,994851,,,,,70114,898.143
13-10-2020,India,7239389,63509,110586,730,88945107,1073014,,,,,68894,861.571
14-10-2020,India,7307097,67708,111266,680,90090122,1145015,,,,,67348.857,820
15-10-2020,India,7370468,63371,112161,895,91226305,1136183,,,,,66331,810.143
16-10-2020,India,7432680,62212,112998,837,92254927,1028622,,,,,64751,797.429
17-10-2020,India,7494551,61871,114031,1033,93254017,999090,,,,,62963.571,813.857
18-10-2020,India,7550273,55722,114610,579,94224190,970173,,,,,61390.714,780
19-10-2020,India,7597063,46790,115197,587,95083976,859786,,,,,60169,763
20-10-2020,India,7651107,54044,115914,717,96116771,1032795,,,,,58816.857,761.143
21-10-2020,India,7706946,55839,116616,702,97200379,1083608,,,,,57121.286,764.286
22-10-2020,India,7761312,54366,117306,690,98670363,1469984,,,,,55834.857,735
23-10-2020,India,7814682,53370,117956,650,100113085,1442722,,,,,54571.714,708.286
24-10-2020,India,7864811,50129,118534,578,101382564,1269479,,,,,52894.286,643.286
25-10-2020,India,7909959,45148,119014,480,102523469,1140905,,,,,51383.714,629.143
26-10-2020,India,7946429,36470,119502,488,103462778,939309,,,,,49909.429,615
27-10-2020,India,7990322,43893,120010,508,104420894,958116,,,,,48459.286,585.143
28-10-2020,India,8040203,49881,120527,517,105487680,1066786,,,,,47608.143,558.714
29-10-2020,India,8088851,48648,121090,563,106563440,1075760,,,,,46791.286,540.571
30-10-2020,India,8137119,48268,121641,551,107728088,1164648,,,,,46062.429,526.429
31-10-2020,India,8184082,46963,122111,470,108796064,1067976,,,,,45610.143,511
01-11-2020,India,8229313,45231,122607,496,109887303,1091239,,,,,45622,513.286
02-11-2020,India,8267623,38310,123097,490,110743103,855800,,,,,45884.857,513.571
03-11-2020,India,8313876,46253,123611,514,111789350,1046247,,,,,46222,514.429
04-11-2020,India,8364086,50210,124315,704,112998959,1209609,,,,,46269,541.143
05-11-2020,India,8411724,47638,124985,670,114208384,1209425,,,,,46124.714,556.429
06-11-2020,India,8462080,50356,125562,577,115429095,1220711,,,,,46423,560.143
07-11-2020,India,8507754,45674,126121,559,116542304,1113209,,,,,46238.857,572.857
08-11-2020,India,8553657,45903,126611,490,117736791,1194487,,,,,46334.857,572
09-11-2020,India,8591730,38073,127059,448,118572192,835401,,,,,46301,566
10-11-2020,India,8636011,44281,127571,512,119615857,1043665,,,,,46019.286,565.714
11-11-2020,India,8683916,47905,128121,550,120769151,1153294,,,,,45690,543.714
12-11-2020,India,8728795,44879,128668,547,121962509,1193358,,,,,45295.857,526.143
13-11-2020,India,8773479,44684,129188,520,123101739,1139230,,,,,44485.571,518
14-11-2020,India,8814579,41100,129635,447,124031230,929491,,,,,43832.143,502
15-11-2020,India,8845127,30548,130070,435,124836819,805589,,,,,41638.571,494.143
16-11-2020,India,8874290,29163,130519,449,125698525,861706,,,,,40365.714,494.286
17-11-2020,India,8912907,38617,130993,474,126542907,844382,,,,,39556.571,488.857
18-11-2020,India,8958483,45576,131578,585,127480186,937279,,,,,39223.857,493.857
19-11-2020,India,9004365,45882,132162,584,128508389,1028203,,,,,39367.143,499.143
20-11-2020,India,9050597,46232,132726,564,129591786,1083397,,,,,39588.286,505.429
21-11-2020,India,9095806,45209,133227,501,130657808,1066022,,,,,40175.286,513.143
22-11-2020,India,9139865,44059,133738,511,131733134,1075326,,,,,42105.429,524
23-11-2020,India,9177840,37975,134218,480,132582730,849596,,,,,43364.286,528.429
24-11-2020,India,9222216,44376,134699,481,133682275,1099545,,,,,44187,529.429
25-11-2020,India,9266705,44489,135223,524,134841307,1159032,,,,,44031.714,520.714
26-11-2020,India,9309787,43082,135715,492,135931545,1090238,,,,,43631.714,507.571
27-11-2020,India,9351109,41322,136200,485,137062749,1131204,,,,,42930.286,496.286
28-11-2020,India,9392919,41810,136696,496,138220354,1157605,,,,,42444.714,495.571
29-11-2020,India,9431691,38772,137139,443,139503803,1283449,,,,,41689.429,485.857
30-11-2020,India,9462809,31118,137621,482,140379976,876173,,,,,40709.857,486.143
01-12-2020,India,9499413,36604,138122,501,141349298,969322,,,,,39599.571,489
02-12-2020,India,9534964,35551,138648,526,142445949,1096651,,,,,38322.714,489.286
03-12-2020,India,9571559,36595,139188,540,143557647,1111698,,,,,37396,496.143
04-12-2020,India,9608211,36652,139700,512,144727749,1170102,,,,,36728.857,500
05-12-2020,India,9644222,36011,140182,482,145885512,1157763,,,,,35900.429,498
06-12-2020,India,9677203,32981,140573,391,146986575,1101063,,,,,35073.143,490.571
07-12-2020,India,9703770,26567,140958,385,147787656,801081,,,,,34423,476.714
08-12-2020,India,9735850,32080,141360,402,148814055,1026399,,,,,33776.714,462.571
09-12-2020,India,9767371,31521,141772,412,149836767,1022712,,,,,33201,446.286
10-12-2020,India,9796744,29373,142185,413,150759726,922959,,,,,32169.286,428.143
11-12-2020,India,9826775,30031,142628,443,,,,,,,31223.429,418.286
12-12-2020,India,9857029,30254,143019,391,152697399,,,,,,30401,405.286
13-12-2020,India,9884100,27071,143355,336,153711833,1014434,,,,,29556.714,397.429
14-12-2020,India,9906165,22065,143709,354,154566990,855157,,,,,28913.571,393
15-12-2020,India,9932547,26382,144096,387,155560655,993665,,,,,28099.571,390.857
16-12-2020,India,9956557,24010,144451,355,156646280,1085625,,,,,27026.571,382.714
17-12-2020,India,9979447,22890,144789,338,157805240,1158960,,,,,26100.429,372
18-12-2020,India,10004599,25152,145136,347,158918646,1113406,,,,,25403.429,358.286
19-12-2020,India,10031223,26624,145477,341,160090514,1171868,,,,,24884.857,351.143
20-12-2020,India,10055560,24337,145810,333,161198195,1107681,,,,,24494.286,350.714
21-12-2020,India,10075116,19556,146111,301,162098329,900134,,,,,24135.857,343.143
22-12-2020,India,10099066,23950,146444,333,163170557,1072228,,,,,23788.429,335.429
23-12-2020,India,10123778,24712,146756,312,164268721,1098164,,,,,23888.714,329.286
24-12-2020,India,10146845,23067,147092,336,165308366,1039645,,,,,23914,329
25-12-2020,India,10169118,22273,147343,251,166305762,997396,,,,,23502.714,315.286
26-12-2020,India,10187850,18732,147622,279,167159289,853527,,,,,22375.286,306.429
27-12-2020,India,10207871,20021,147901,279,168102657,943368,,,,,21758.714,298.714
28-12-2020,India,10224303,16432,148153,252,168818054,715397,,,,,21312.429,291.714
29-12-2020,India,10244852,20549,148439,286,169801749,983695,,,,,20826.571,285
30-12-2020,India,10266674,21822,148738,299,170922030,1120281,,,,,20413.714,283.143
31-12-2020,India,10286709,20035,148994,256,172049274,1127244,,,,,19980.571,271.714
01-01-2021,India,10305788,19079,149218,224,173111694,1062420,,,,,19524.286,267.857
02-01-2021,India,10323965,18177,149435,217,173941658,829964,,,,,19445,259
03-01-2021,India,10340469,16504,149649,214,174899783,958125,,,,,18942.571,249.714
04-01-2021,India,10356844,16375,149850,201,175635761,735978,,,,,18934.429,242.429
05-01-2021,India,10374932,18088,150114,264,176531997,896236,,,,,18582.857,239.286
06-01-2021,India,10395278,20346,150336,222,177463405,931408,,,,,18372,228.286
07-01-2021,India,10413417,18139,150570,234,178400995,937590,,,,,18101.143,225.143
08-01-2021,India,10413417,0,150570,0,179336364,935369,,,,,15375.571,193.143
09-01-2021,India,10450284,36867,150999,429,180253315,916951,,,,,18045.571,223.429
10-01-2021,India,10466595,16311,151160,161,181096622,843307,,,,,18018,215.857
11-01-2021,India,10479179,12584,151327,167,181755831,659209,,,,,17476.429,211
12-01-2021,India,10495147,15968,151529,202,182652887,897056,,,,,17173.571,202.143
13-01-2021,India,10512093,16946,151727,198,183489114,836227,,,,,16687.857,198.714
14-01-2021,India,10527683,15590,151918,191,184232305,743191,,,,,16323.714,192.571
15-01-2021,India,10542841,15158,152093,175,184962401,730096,,,,,18489.143,217.571
16-01-2021,India,10557985,15144,152274,181,185765491,803090,191181,191181,,191181,15385.857,182.143
17-01-2021,India,10571773,13788,152419,145,186544868,779377,224301,224301,,33120,15025.429,179.857
18-01-2021,India,10581823,10050,152556,137,187093036,548168,454049,454049,,229748,14663.429,175.571
19-01-2021,India,10595639,13816,152718,162,187802827,709791,674835,674835,,220786,14356,169.857
20-01-2021,India,10610883,15244,152869,151,188566947,764120,806484,806484,,131649,14112.857,163.143
21-01-2021,India,10625428,14545,153032,163,189347782,780835,1043534,1043534,,237050,13963.571,159.143
22-01-2021,India,10639684,14256,153184,152,190148024,800242,1390592,1390592,,347058,13834.714,155.857
23-01-2021,India,10654533,14849,153339,155,190985119,837095,1582201,1582201,,191609,13792.571,152.143
24-01-2021,India,10667736,13203,153470,131,191766871,781752,1615504,1615504,,33303,13709,150.143
25-01-2021,India,10676838,9102,153587,117,192337117,570246,2023809,2023809,,408305,13573.571,147.286
26-01-2021,India,10689527,12689,153724,137,193062694,725577,2029480,2029480,,5671,13412.571,143.714
27-01-2021,India,10701193,11666,153847,123,193613120,550426,2355979,2355979,,326499,12901.429,139.714
28-01-2021,India,10720048,18855,154010,163,194338773,725653,2928053,2928053,,572074,13517.143,139.714
29-01-2021,India,10733130,13082,154147,137,195081079,742306,3500027,3500027,,571974,13349.429,137.571
30-01-2021,India,10746174,13044,154274,127,195837408,756329,3744334,3744334,,244307,13091.571,133.571
31-01-2021,India,10757610,11436,154392,118,196588372,750964,3758843,3758843,,14509,12839.143,131.714
01-02-2021,India,10766245,8635,154486,94,197092635,504263,3950156,3950156,,191313,12772.429,128.429
02-02-2021,India,10777284,11039,154596,110,197752057,659422,4138918,4138918,,188762,12536.714,124.571
03-02-2021,India,10790183,12899,154703,107,198473178,721121,4449552,4449552,,310634,12712.857,122.286
04-02-2021,India,10802591,12408,154823,120,199216019,742841,4959445,4959445,,509893,11791.857,116.143
05-02-2021,India,10814304,11713,154918,95,199931795,715776,5416849,5416849,,457404,11596.286,110.143
06-02-2021,India,10826363,12059,154996,78,200672589,740794,5775322,5775322,,358473,11455.571,103.143
07-02-2021,India,10838194,11831,155080,84,201368378,695789,5812362,5812362,,37040,11512,98.286
08-02-2021,India,10847304,9110,155158,78,201900614,532236,6259008,6259008,,446646,11579.857,96
09-02-2021,India,10858371,11067,155252,94,202587752,687138,6611561,6611561,,352553,11583.857,93.714
10-02-2021,India,10871294,12923,155360,108,203324655,736903,7017114,7017114,,405553,11587.286,93.857
11-02-2021,India,10880603,9309,155447,87,204023840,699185,7505010,7505010,,487896,11144.571,89.143
12-02-2021,India,10892746,12143,155550,103,204789784,765944,7967647,7967647,,462637,11206,90.286
13-02-2021,India,10904940,12194,155642,92,205533398,743614,8052454,8044786,7668,84807,11225.286,92.286
14-02-2021,India,10916589,11649,155732,90,206230512,697114,,,,,11199.286,93.143
15-02-2021,India,10925710,9121,155813,81,206716634,486122,8516771,8418653,98118,,11200.857,93.571
16-02-2021,India,10937320,11610,155913,100,207332298,615664,8857341,8641002,216339,340570,11278.429,94.429
17-02-2021,India,10950201,12881,156014,101,207977229,644931,9186757,8844641,342116,329416,11272.429,93.429
18-02-2021,India,10963394,13193,156111,97,208703791,726562,9846523,9381591,464932,659766,11827.286,94.857
19-02-2021,India,10977387,13993,156212,101,209474862,771071,10449942,9693000,756942,603419,12091.571,94.571
20-02-2021,India,10991651,14264,156302,90,210261480,786618,10838323,9964383,873940,388381,12387.286,94.286
21-02-2021,India,11005850,14199,156385,83,210931530,670050,11085173,10124531,960642,246850,12751.571,93.286
22-02-2021,India,11016434,10584,156463,78,211551746,620216,11424094,10308552,1115542,338921,12960.571,92.857
23-02-2021,India,11030176,13742,156567,104,212230431,678685,11907392,10585757,1321635,483298,13265.143,93.429
24-02-2021,India,11046914,16738,156705,138,213036275,805844,12366633,10884879,1481754,459241,13816.143,98.714
25-02-2021,India,11063491,16577,156825,120,213829658,793383,13067047,11206188,1860859,700414,14299.571,102
26-02-2021,India,11079979,16488,156938,113,214661465,831807,13756940,11552857,2204083,689893,14656,103.714
27-02-2021,India,11096731,16752,157051,113,215435383,773918,14242547,11788669,2453878,485607,15011.429,107
28-02-2021,India,11112241,15510,157157,106,216231106,795723,14301266,11845075,2456191,58719,15198.714,110.286
01-03-2021,India,11124527,12286,157248,91,216858774,627668,14854136,12256337,2597799,552870,15441.857,112.143
02-03-2021,India,11139516,14989,157346,98,217618057,759283,15620749,12906771,2713978,766613,15620,111.286
03-03-2021,India,11156923,17407,157435,89,218403277,785220,16616048,13739121,2876927,995299,15715.571,104.286
04-03-2021,India,11173761,16838,157548,113,219178908,775631,18005503,14796835,3208668,1389455,15752.857,103.286
05-03-2021,India,11192045,18284,157656,108,219940742,761834,19497704,15996683,3501021,1492201,16009.429,102.571
06-03-2021,India,11210799,18754,157756,100,220692677,751935,20922344,17168303,3754041,1424640,16295.429,100.714
07-03-2021,India,11229398,18599,157853,97,221430507,737830,20989010,17227903,3761107,66666,16736.714,99.429
08-03-2021,India,11244786,15388,157930,77,,,23008733,18943283,4065450,2019723,17179.857,97.429
09-03-2021,India,11262707,17921,158063,133,222716796,,24367906,20004227,4363679,1359173,17598.714,102.429
10-03-2021,India,11285561,22854,158189,126,223479877,763081,25685011,21034481,4650530,1317105,18376.857,107.714
11-03-2021,India,11308846,23285,158306,117,224258293,778416,26164920,21435841,4729079,479909,19297.857,108.286
12-03-2021,India,11333728,24882,158446,140,224998638,740345,28218457,23075504,5142953,2053537,20240.429,112.857
13-03-2021,India,11359048,25320,158607,161,225839273,840635,29738409,24307635,5430774,1519952,21178.429,121.571
14-03-2021,India,11385339,26291,158725,118,226703641,864368,29908038,24452385,5455653,169629,22277.286,124.571
15-03-2021,India,11409831,24492,158856,131,227407413,703772,32947432,27079484,5867948,3039394,23577.857,132.286
16-03-2021,India,11438734,28903,159044,188,228280763,873350,35064536,28862037,6202499,2117104,25146.714,140.143
17-03-2021,India,11474605,35871,159216,172,229249784,969021,37143255,30600787,6542468,2078719,27006.286,146.714
18-03-2021,India,11514331,39726,159370,154,230313163,1063379,39339817,32426230,6913587,2196562,29355,152
19-03-2021,India,11555284,40953,159558,188,231370546,1057383,42063392,34842030,7221362,2723575,31650.857,158.857
20-03-2021,India,11599130,43846,159755,197,232431517,1060971,44603841,37125187,7478654,2540449,34297.429,164
21-03-2021,India,11646081,46951,159967,212,,,45065998,37574302,7491696,462157,37248.857,177.429
22-03-2021,India,11686796,40715,160166,199,234445774,,48494594,40631153,7863441,3428596,39566.429,187.143
23-03-2021,India,11734058,47262,160441,275,235413233,967459,50841286,42731952,8109334,2346692,42189.143,199.571
24-03-2021,India,11787534,53476,160692,251,236438861,1025628,53145709,44846538,8299171,2304423,44704.143,210.857
25-03-2021,India,11846652,59118,160949,257,237503882,1065021,55504440,47001472,8502968,2358731,47474.429,225.571
26-03-2021,India,11908910,62258,161240,291,238604638,1100756,58109773,49426618,8683155,2605333,50518,240.286
27-03-2021,India,11971624,62714,161552,312,239769553,1164915,60269782,51441436,8828346,2160009,53213.429,256.714
28-03-2021,India,12039644,68020,161843,291,240950842,1181289,60530435,51660234,8870201,260653,56223.286,268
29-03-2021,India,12095855,56211,162114,271,241864161,913319,61113354,52211398,8901956,582919,58437,278.286
30-03-2021,India,12149335,53480,162468,354,242650025,785864,63054353,53989035,9065318,1940999,59325.286,289.571
31-03-2021,India,12221665,72330,162927,459,243672940,1022915,65117896,55783201,9334695,2063543,62018.714,319.286
01-04-2021,India,12303131,81466,163396,469,244798621,1125681,68789138,59148798,9640340,3671242,65211.286,349.571
02-04-2021,India,12392260,89129,164110,714,245912587,1113966,73054295,63081589,9972706,4265157,69050,410
03-04-2021,India,12485509,93249,164623,513,246959192,1046605,75979651,65739470,10240181,2925356,73412.143,438.714
04-04-2021,India,12589067,103558,165101,478,248125908,1166716,79105163,68678838,10426325,3125512,78489,465.429
05-04-2021,India,12686049,96982,165547,446,249019657,893749,83110926,72277309,10833617,4005763,84313.429,490.429
06-04-2021,India,12801785,115736,166177,630,250231269,1211612,87077474,75937015,11140459,3966548,93207.143,529.857
07-04-2021,India,12928574,126789,166862,685,251439598,1208329,90198673,78763027,11435646,3121199,100987,562.143
08-04-2021,India,13060542,131968,167642,780,252677379,1237781,94334262,82456522,11877740,4135589,108201.571,606.571
09-04-2021,India,13205926,145384,168436,794,254041584,1364205,98075160,85763852,12311308,3740898,116238,618
10-04-2021,India,13358805,152879,169275,839,255214803,1173219,101595147,88885961,12709186,3519987,124756.571,664.571
11-04-2021,India,13527717,168912,170179,904,256626850,1412047,104528565,91587400,12941165,2933418,134092.857,725.429
12-04-2021,India,13689453,161736,171058,879,257806986,1180136,108533085,95043039,13490046,4004520,143343.429,787.286
13-04-2021,India,13873825,184372,172085,1027,259207108,1400122,111179578,97301914,13877664,2646493,153148.571,844
14-04-2021,India,14074564,200739,173123,1038,260618866,1411758,114493238,100179199,14314039,3313660,163712.857,894.429
15-04-2021,India,14291917,217353,174308,1185,262003415,1384549,117223509,102349255,14874254,2730271,175910.714,952.286
16-04-2021,India,14526609,234692,175649,1341,263476625,1473210,119937641,104408484,15529157,2714132,188669,1030.429
17-04-2021,India,14788003,261394,177150,1501,264972022,1495397,122622590,106431076,16191514,2684949,204171.143,1125
18-04-2021,India,15061805,273802,178769,1619,266538416,1566394,123852566,107371770,16480796,1229976,219155.429,1227.143
19-04-2021,India,15320972,259167,180530,1761,267894549,1356133,127129113,109659181,17469932,3276547,233074.143,1353.143
20-04-2021,India,15616130,295158,182553,2023,269414035,1519486,,,,,248900.714,1495.429
21-04-2021,India,15930774,314644,184657,2104,271053392,1639357,129646105,111673361,17972744,,265172.857,1647.714
22-04-2021,India,16263695,332921,186920,2263,272705103,1651711,132754608,113584269,19170339,3108503,281682.571,1801.714
23-04-2021,India,16610481,346786,189544,2624,274445653,1740550,,,,,297696,1985
24-04-2021,India,16960172,349691,192311,2767,276199222,1753569,,,,,310309.857,2165.857
25-04-2021,India,17313163,352991,195123,2812,277918810,1719588,139185173,117795008,21390165,,321622.571,2336.286
26-04-2021,India,17636186,323023,197894,2771,279321177,1402367,142524947,119886252,22638695,3339774,330744.857,2480.571
27-04-2021,India,17997113,360927,201187,3293,280979877,1658700,144879233,121263287,23615946,2354286,340140.429,2662
28-04-2021,India,18376421,379308,204832,3645,282703789,1723912,147053392,122538179,24515213,2174159,349378.143,2882.143
29-04-2021,India,18762976,386555,208330,3498,284471979,1768190,149268772,123811908,25456864,2215380,357040.143,3058.571
30-04-2021,India,19164969,401993,211853,3523,286392086,1920107,151998107,125376952,26621155,2729335,364926.857,3187
01-05-2021,India,19557457,392488,215542,3689,288337385,1945299,153626325,126328970,27297355,1628218,371040.714,3318.714
02-05-2021,India,19925517,368060,218959,3417,290142339,1804954,154211511,126704151,27507360,585186,373193.429,3405.143
03-05-2021,India,20282833,357316,222408,3449,291647037,1504698,156082136,127696675,28385461,1870625,378092.429,3502
04-05-2021,India,20664979,382146,226188,3780,293310779,1663742,157750752,128627919,29122833,1668616,381123.714,3571.571
05-05-2021,India,21077410,412431,230168,3980,294852078,1541299,159931238,129730641,30200597,2180486,385855.571,3619.429
06-05-2021,India,21491598,414188,234083,3915,296775209,1923131,162603603,131058890,31544713,2672365,389803.143,3679
07-05-2021,India,21892676,401078,238270,4187,298601699,1826490,165190000,132294827,32895173,2586397,389672.429,3773.857
08-05-2021,India,22296081,403405,242347,4077,300410043,1808344,167493857,133366482,34127375,2303857,391232,3829.286
09-05-2021,India,22662575,366494,246116,3769,302275471,1865428,168304868,133854676,34450192,811011,391008.286,3879.571
10-05-2021,India,22992517,329942,249992,3876,303750077,1474606,171098918,135192013,35906905,2794050,387097.714,3940.571
11-05-2021,India,23340938,348421,254197,4205,305600187,1850110,173862643,136557345,37305298,2763725,382279.857,4001.286
12-05-2021,India,23703665,362727,258317,4120,307583991,1983804,176045577,137805245,38240332,2182934,375179.286,4021.286
13-05-2021,India,24046809,343144,262317,4000,309448585,1864594,178361846,139087590,39274256,2316269,365030.143,4033.429
14-05-2021,India,24372907,326098,266207,3890,311324100,1875515,179646413,139861462,39784951,1284567,354318.714,3991
15-05-2021,India,24684077,311170,270284,4077,313017193,1693093,181544536,141132112,40412424,1898123,341142.286,3991
16-05-2021,India,24965463,281386,274390,4106,,,182251006,141764335,40486671,706470,328984,4039.143
17-05-2021,India,25228996,263533,278719,4329,316423658,,183817204,143090218,40726986,1566198,319497,4103.857
18-05-2021,India,25496330,267334,283248,4529,318292881,1869223,185191602,144270200,40921402,1374398,307913.143,4150.143
19-05-2021,India,25772440,276110,287122,3874,320301177,2008296,186410600,145333606,41076994,1218998,295539.286,4115
20-05-2021,India,26031991,259551,291331,4209,322356187,2055010,187886885,146624652,41262233,1476285,283597.429,4144.857
21-05-2021,India,26289290,257299,295525,4194,324417870,2061683,,,,,273769,4188.286
22-05-2021,India,26530132,240842,299266,3741,326484155,2066285,190842497,149219616,41622881,,263722.143,4140.286
23-05-2021,India,26752447,222315,303720,4454,328607937,2123782,191719240,150033188,41686052,876743,255283.429,4190
24-05-2021,India,26948874,196427,307231,3511,330536064,1928127,194165711,152301505,41864206,2446471,245696.857,4073.143
25-05-2021,India,27157795,208921,311388,4157,332594176,2058112,195506779,153511379,41995400,1341068,237352.143,4020
26-05-2021,India,27369093,211298,315235,3847,334811496,2217320,198425615,156189641,42235974,2918836,228093.286,4016.143
27-05-2021,India,27555457,186364,318895,3660,336969353,2157857,201203166,158783606,42419560,2777551,217638,3937.714
28-05-2021,India,27729247,173790,322512,3617,339039861,2070508,203166802,160605562,42561240,1963636,205708.143,3855.286
29-05-2021,India,27894800,165553,325972,3460,341119909,2080048,207088953,164158704,42930249,3922151,194952.571,3815.143
30-05-2021,India,28047534,152734,329100,3128,343183748,2063839,208665123,165598013,43067110,1576170,185012.429,3625.714
31-05-2021,India,28175044,127510,331895,2795,344866883,1683135,210449895,167191085,43258810,1784772,175167.143,3523.429
01-06-2021,India,28307832,132788,335102,3207,346792257,1925374,213135738,169585180,43550558,2685843,164291,3387.714
02-06-2021,India,28441986,134154,337989,2887,350057330,3265073,215678166,171866824,43811342,2542428,153270.429,3250.571
03-06-2021,India,28574350,132364,340702,2713,353782648,3725318,218344384,174296917,44047467,2666218,145556.143,3115.286
04-06-2021,India,28694879,120529,344082,3380,357433846,3651198,223607768,179172948,44434820,5263384,137947.429,3081.429
05-06-2021,India,28809339,114460,346759,2677,361174142,3740296,225571144,180972102,44599042,1963376,130648.429,2969.571
06-06-2021,India,28909975,100636,349186,2427,364746522,3572380,228041045,183275704,44765341,2469901,123205.857,2869.429
07-06-2021,India,28996473,86498,351309,2123,366334111,1587589,230490652,185501579,44989073,2449607,117347,2773.429
08-06-2021,India,29089069,92596,353528,2219,368207596,1873485,233680929,188363894,45317035,3190277,111605.286,2632.286
09-06-2021,India,29182532,93463,355705,2177,370193563,1985967,236856505,191222380,45634125,3175576,105792.286,2530.857
10-06-2021,India,29274823,92291,363079,0,372198253,2004690,240281903,194325996,45955907,3425398,100067.571,
11-06-2021,India,29359155,84332,367081,4002,374242384,2044131,243703242,197415653,46287589,3421339,94896.571,
12-06-2021,India,29439989,80834,370384,3303,376232162,1989778,246188067,199655293,46532774,2484825,90092.857,
13-06-2021,India,29510410,70421,374305,3921,378132474,1900312,249430416,202572835,46857581,3242349,85776.429,
14-06-2021,India,29570881,60471,377031,2726,379624626,1492152,252760364,205571046,47189318,3329948,82058.286,
15-06-2021,India,29633105,62224,379573,2542,381375984,1751358,255305366,207830971,47474395,2545002,77719.429,
16-06-2021,India,29700313,67208,381903,2330,383306971,1930987,258325900,210442950,47882950,3020534,73968.714,
17-06-2021,India,29762793,62480,383490,1587,385238220,1931249,262970250,214553189,48417061,4644350,69710,2915.857
18-06-2021,India,29823546,60753,385137,1647,387167696,1929476,266355940,217542993,48812947,3385690,66341.571,2579.429
19-06-2021,India,29881772,58226,386708,1571,389207637,2039941,270908312,221493259,49415053,4552372,63111.857,2332
20-06-2021,India,29935221,53449,388135,1427,391019083,1811446,274286599,224541283,49745316,3378287,60687.286,1975.714
21-06-2021,India,29977861,42640,389302,1167,392407782,1388699,283313942,232744813,50569129,9027343,58140,1753
22-06-2021,India,30028709,50848,390660,1358,394072142,1664360,289855456,238586187,51269269,6541514,56514.857,1583.857
23-06-2021,India,30082778,54069,391981,1321,395973198,1901056,293370338,241720520,51649818,3514882,54637.857,1439.714
24-06-2021,India,30134445,51667,393310,1329,397832667,1859469,300054027,247652194,52401833,6683689,53093.143,1402.857
25-06-2021,India,30183143,48698,394493,1183,399568448,1735781,306661528,253359907,53301621,6607501,51371,1336.571
26-06-2021,India,30233183,50040,395751,1258,401811892,2243444,314841384,260253182,54588202,8179856,50201.571,1291.857
27-06-2021,India,30279331,46148,396730,979,404265101,2453209,318030412,262916313,55114099,3189028,49158.571,1227.857
28-06-2021,India,30316897,37566,397637,907,406371279,2106178,321423578,265545768,55877810,3393166,48433.714,1190.714
29-06-2021,India,30362848,45951,398454,817,408139287,1768008,327423913,270178001,57245912,6000335,47734.143,1113.429
30-06-2021,India,30411634,48786,399459,1005,410100044,1960757,329158139,271410023,57748116,1734226,46979.429,1068.286
01-07-2021,India,30458251,46617,400312,853,412021494,1921450,334741649,275693081,59048568,5583510,46258,1000.286
02-07-2021,India,30502362,44111,401050,738,414251520,2230026,335671794,276339011,59332783,930145,45602.714,936.714
03-07-2021,India,30545433,43071,402005,955,416416463,2164943,344300590,282231365,62069225,8628796,44607.143,893.429
04-07-2021,India,30585229,39796,402728,723,418254953,1838490,347378550,284455266,62923284,3077960,43699.714,856.857
05-07-2021,India,30619932,34703,403281,553,419777457,1522504,351229497,286751758,64477739,3850947,43290.714,806.286
06-07-2021,India,30663665,43733,404211,930,421424881,1647424,354307646,288782557,65525089,3078149,42973.857,822.429
07-07-2021,India,30709557,45892,405028,817,423332097,1907216,358070763,291184757,66886006,3763117,42560.429,795.571
08-07-2021,India,30752950,43393,405939,911,425225897,1893800,368991222,298678913,70312309,10920459,42099.857,803.857
09-07-2021,India,30795716,42766,407145,1206,427016605,1790708,,,,,41907.714,870.714
10-07-2021,India,30837222,41506,408040,895,429041970,2025365,376032586,303171498,72861088,,41684.143,862.143
11-07-2021,India,30874376,37154,408764,724,430885470,1843500,377352501,304018852,73333649,1319915,41306.714,862.286
12-07-2021,India,30907282,32906,410784,2020,432317813,1432343,381467646,306612781,74854865,4115145,41050,1071.857
13-07-2021,India,30946147,38865,411406,622,434058138,1740325,387697935,311387539,76310396,6230289,40354.571,1027.857
14-07-2021,India,30987880,41733,411989,583,435973639,1915501,391340491,313529502,77810989,3642556,39760.429,994.429
15-07-2021,India,31026829,38949,412531,542,438011958,2038319,395343767,316116189,79227578,4003276,39125.571,941.714
16-07-2021,India,31064908,38079,413091,560,440023239,2011281,399695879,318665226,81030653,4352112,38456,849.429
17-07-2021,India,31106065,41157,413609,518,442021954,1998715,404931715,321893762,83037953,5235836,38406.143,795.571
18-07-2021,India,31144229,38164,414108,499,443958663,1936709,,,,,38550.429,763.429
19-07-2021,India,31174322,30093,414482,374,445422256,1463593,411846401,326392783,85453618,,38148.571,528.286
20-07-2021,India,31216337,42015,418480,3998,447341133,1918877,415472455,328716212,86756243,3626054,38598.571,1010.571
21-07-2021,India,31257720,41383,418987,507,449193273,1852140,417851151,330259212,87591939,2378696,38548.571,999.714
22-07-2021,India,31293062,35342,419470,483,450911712,1718439,423417030,333945151,89471879,5565879,38033.286,991.286
23-07-2021,India,31332159,39097,420016,546,452939545,2027833,427882261,336819816,91062445,4465231,38178.714,989.286
24-07-2021,India,31371901,39742,420551,535,454570811,1631266,433150864,340387695,92763169,5268603,37976.571,991.714
25-07-2021,India,31411262,39361,420967,416,456289567,1718756,435196001,341802707,93393294,2045137,38147.571,979.857
26-07-2021,India,31440951,29689,421382,415,457444011,1154444,441912395,346516149,95396246,6716394,38089.857,985.714
27-07-2021,India,31484605,43654,422022,640,459164121,1720110,446156659,349324061,96832598,4244264,38324,506
28-07-2021,India,31528114,43509,422662,640,460900978,1736857,450706257,352545271,98160986,4549598,38627.714,525
29-07-2021,India,31572344,44230,423217,555,462629773,1728795,456033754,356140739,99893015,5327497,39897.429,535.286
30-07-2021,India,31613993,41649,423810,593,464650723,2020950,461518479,359820313,101698166,5484725,40262,542
31-07-2021,India,31655824,41831,424351,541,466427038,1776315,,,,,40560.429,542.857
01-08-2021,India,31695958,40134,424773,422,468216510,1789472,472223639,367994586,104229053,,40670.857,543.714
02-08-2021,India,31726507,30549,425195,422,469645494,1428984,,,,,40793.714,544.714
03-08-2021,India,31769132,42625,425757,562,471294789,1649295,485286570,378090597,107195973,,40646.714,533.571
04-08-2021,India,31812114,42982,426290,533,473142307,1847518,489342295,381126275,108216020,4055725,40571.429,518.286
05-08-2021,India,31856757,44643,426754,464,474893363,1751056,495327595,385631050,109696545,5985300,40630.429,505.286
06-08-2021,India,31895385,38628,427371,617,476533650,1640287,501009609,390041560,110968049,5682014,40198.857,508.714
07-08-2021,India,31934455,39070,427862,491,478316964,1783314,506810492,394378151,112432341,5800883,39804.429,501.571
08-08-2021,India,31969954,35499,428309,447,480039185,1722221,508664759,395667593,112997166,1854267,39142.286,505.143
09-08-2021,India,31998158,28204,428682,373,481767232,1728047,514500268,400158057,114342211,5835509,38807.286,498.143
10-08-2021,India,32036511,38353,429179,497,483278545,1511313,519080524,403596088,115484436,4580256,38197,488.857
11-08-2021,India,32077706,41195,429669,490,485056507,1777962,523671019,406980329,116690690,4590495,37941.714,482.714
12-08-2021,India,32117826,40120,430254,585,487370196,2313689,,,,,37295.571,500
13-08-2021,India,32156493,38667,430732,478,489470779,2100583,536189903,416846115,119343788,,37301.143,480.143
14-08-2021,India,32192576,36083,431225,493,491700577,2229798,543846290,422575401,121270889,7656387,36874.429,480.429
15-08-2021,India,32225513,32937,431642,417,493624440,1923863,,,,,36508.429,476.143
16-08-2021,India,32250679,25166,432079,437,494805652,1181212,550520038,428681772,121838266,,36074.429,485.286
17-08-2021,India,32285857,35178,432519,440,496629524,1823872,556520316,433454974,123065342,6000278,35620.857,477.143
18-08-2021,India,32322258,36401,433049,530,498427083,1797559,562151515,437698591,124452924,5631199,34936,482.857
19-08-2021,India,32358829,36571,433589,540,500300840,1873757,566595708,441116044,125479664,4444193,34429,476.429
20-08-2021,India,32393286,34457,433964,375,502699702,2398862,573205464,446102199,127103265,6609756,33827.571,461.714
21-08-2021,India,32424234,30948,434367,403,504576158,1876456,576365820,448292884,128072936,3160356,33094,448.857
22-08-2021,India,32449306,25072,434756,389,506256239,1680081,580771824,451186857,129584967,4406004,31970.429,444.857
23-08-2021,India,32474773,25467,435110,354,507551399,1295160,582239230,452207578,130031652,1467406,32013.429,433
24-08-2021,India,32512366,37593,435758,648,509391792,1840393,588731504,456880623,131850881,6492274,32358.429,462.714
25-08-2021,India,32558530,46164,436365,607,511184547,1792755,597923238,463341344,134581894,9191734,33753.143,473.714
26-08-2021,India,32603188,44658,436861,496,513129378,1944831,604391211,468130627,136260584,6467973,34908.429,467.429
27-08-2021,India,32649947,46759,437370,509,514954309,1824931,615540527,476059071,139481456,11149316,36665.857,486.571
28-08-2021,India,32695030,45083,437830,460,516887602,1933293,625864766,483512657,142352109,10324239,38685.143,494.714
29-08-2021,India,32737939,42909,438210,380,518642929,1755327,632587851,488153607,144434244,6723085,41233.286,493.429
30-08-2021,India,32768880,30941,438560,350,520146525,1503596,639305611,493077195,146228416,6717760,42015.286,492.857
31-08-2021,India,32810845,41965,439020,460,521541098,1394573,644799225,497002083,147797142,5493614,42639.857,466
01-09-2021,India,32857937,47092,439529,509,523184293,1643195,661576916,509668131,151908785,16777691,42772.429,452
02-09-2021,India,32903289,45352,439895,366,,,669775627,515627968,154147659,8198711,42871.571,433.429
03-09-2021,India,32945907,42618,440225,330,526535068,,675654935,519667854,155987081,5879308,42280,407.857
04-09-2021,India,32988673,42766,440533,308,528240038,1704970,677744969,521015869,156729100,2090034,41949,386.143
05-09-2021,India,33027621,38948,440752,219,530058218,1818180,684515513,525319361,159196152,6770544,41383.143,363.143
06-09-2021,India,33058843,31222,441042,290,531468867,1410649,688453563,527862293,160591270,3938050,41423.286,354.571
07-09-2021,India,33096718,37875,441411,369,533189348,1720481,699668404,536004002,163664402,11214841,40839,341.571
08-09-2021,India,33139981,43263,441749,338,534943093,1753745,710550810,543462433,167088377,10882406,40292,317.143
09-09-2021,India,33174954,34973,442009,260,536817243,1874150,720910239,550694661,170215578,10359429,38809.286,302
10-09-2021,India,33208330,33376,442317,308,538604854,1787611,724114731,552964723,171150008,3204492,37489,298.857
11-09-2021,India,33236921,28591,442655,338,540196989,1592135,733428972,558984568,174444404,9314241,35464,303.143
12-09-2021,India,33264175,27254,442874,219,541805829,1608840,740278136,563337272,176940864,6849164,33793.429,303.143
13-09-2021,India,33289579,25404,443213,339,543014076,1208247,750284569,570046655,180237914,10006433,32962.286,310.143
14-09-2021,India,33316755,27176,443497,284,544444967,1430891,752714069,571662310,181051759,2429500,31433.857,298
15-09-2021,India,33347325,30570,443928,431,546055796,1610829,761350715,576856263,184494452,8636646,29620.571,311.286
16-09-2021,India,33381728,34403,444248,320,547701729,1645933,771341641,582842108,188499533,9990926,29539.143,319.857
17-09-2021,India,33417390,35662,444529,281,549229149,1527420,777387850,586105233,191282617,6046209,29865.714,316
18-09-2021,India,33448163,30773,444838,309,550780273,1551124,796015119,597205296,198809823,18627269,30177.429,311.857
19-09-2021,India,33478419,30256,445133,295,552340168,1559895,804778696,602206789,202571907,8763577,30606.286,322.714
20-09-2021,India,33504534,26115,445385,252,553621766,1281598,812232516,606563237,205669279,7453820,30707.857,310.286
21-09-2021,India,33531498,26964,445768,383,555035717,1413951,821836262,612360533,209475729,9603746,30677.571,324.429
22-09-2021,India,33563421,31923,446050,282,556754282,1718565,827297973,615659928,211638045,5461711,30870.857,303.143
23-09-2021,India,33594803,31382,446368,318,558367013,1612731,837239837,621209052,216030785,9941864,30439.286,302.857
24-09-2021,India,33624419,29616,446658,290,559932709,1565696,847653817,627322598,220331219,10413980,29575.571,304.143
25-09-2021,India,33652745,28326,446918,260,561661383,1728674,852156699,629574531,222582168,4502882,29226,297.143
26-09-2021,India,33678786,26041,447194,276,563243245,1581862,855791746,631601656,224190090,3635047,28623.857,294.429
27-09-2021,India,33697581,18795,447373,179,564408251,1165006,868774116,639303166,229470950,12982370,27578.143,284
28-09-2021,India,33716451,18870,447751,378,565730031,1321780,873244661,641845931,231398730,4470545,26421.857,283.286
29-09-2021,India,33739980,23529,448062,311,567450185,1720154,879692465,645293313,234399152,6447804,25222.714,287.429
30-09-2021,India,33766707,26727,448339,277,568956439,1506254,886425292,648949043,237476249,6732827,24557.714,281.571
01-10-2021,India,33791061,24354,448573,234,570477338,1520899,893203984,652744197,240459787,6778692,23806,273.571
02-10-2021,India,33813903,22842,448817,244,571994990,1517652,901004270,656956299,244047971,7800286,23022.571,271.286
03-10-2021,India,33834702,20799,448997,180,573260724,1265734,906155473,659744381,246411092,5151203,22273.714,257.571
04-10-2021,India,33853048,18346,449260,263,574252400,991676,911080329,662266667,248813662,4924856,22209.571,269.571
05-10-2021,India,33871881,18833,449538,278,575394042,1141642,918129250,666078231,252051019,7048921,22204.286,255.286
06-10-2021,India,33894312,22431,449856,318,576803867,1409825,923526951,668975929,254551022,5397701,22047.429,256.286
07-10-2021,India,33915569,21257,450127,271,578657484,1853617,927173859,670864526,256309333,3646908,21266,255.429
08-10-2021,India,33935309,19740,450375,248,580043190,1385706,935219767,675161305,260058462,8045908,20606.857,257.429
09-10-2021,India,33953475,18166,450589,214,581312481,1269291,943033918,679245181,263788737,7814151,19938.857,253.143
10-10-2021,India,33971607,18132,450782,193,582595693,1283212,951139832,683498355,267641477,8105914,19557.857,255
11-10-2021,India,33985920,14313,450963,181,583631490,1035797,954908095,685337489,269570606,3768263,18981.714,243.286
12-10-2021,India,34001743,15823,451189,226,585038043,1406553,961339629,688686928,272652701,6431534,18551.714,235.857
13-10-2021,India,34020730,18987,451435,246,586363442,1325399,965904347,690968314,274936033,4564718,18059.714,225.571
14-10-2021,India,34037592,16862,451814,379,587664525,1301083,968362051,692134805,276227246,2457704,17431.857,241
15-10-2021,India,34053573,15981,451980,166,588844673,1180148,971163447,693416137,277747310,2801396,16894.857,229.286
16-10-2021,India,34067719,14146,452124,144,589835258,990585,972686142,693992112,278694030,1522695,16320.571,219.286
17-10-2021,India,34081315,13596,452290,166,590935381,1100123,976344696,695536360,280808336,3658554,15672.571,215.429
18-10-2021,India,34094373,13058,452454,164,591924874,989493,978954738,696638920,282315818,2610042,15493.286,213
19-10-2021,India,34108996,14623,452651,197,593106188,1181314,987113051,700140298,286972753,8158313,15321.857,208.857
20-10-2021,India,34127450,18454,452811,160,594429890,1323702,997399032,705846235,291552797,10285981,15245.714,196.571
21-10-2021,India,34143236,15786,453042,231,595742218,1312328,1003204289,709552033,293652256,5805257,15092,175.429
22-10-2021,India,34159562,16326,453708,666,597066481,1324263,1009945663,712404590,297541073,6741374,15141.286,246.857
23-10-2021,India,34175468,15906,454269,561,598431162,1364681,1013637431,714084133,299553298,3691768,15392.714,306.429
24-10-2021,India,34189774,14306,454712,443,599771320,1340158,1022267850,717676310,304591540,8630419,15494.143,346
25-10-2021,India,34202202,12428,455068,356,600769717,998397,1024149949,718444141,305705808,1882099,15404.143,373.429
26-10-2021,India,34215653,13451,455653,585,601901543,1131826,1030850079,721149084,309700995,6700130,15236.714,428.857
27-10-2021,India,34231809,16156,456386,733,603207505,1305962,1036568410,723424864,313143546,5718331,14908.429,510.714
28-10-2021,India,34246157,14348,457191,805,604498405,1290900,1042458533,725633405,316825128,5890123,14703,592.714
29-10-2021,India,34260470,14313,457740,549,605885769,1387364,1051708635,729199887,322508748,9250102,14415.429,576
30-10-2021,India,34273300,12830,458186,446,607062619,1176850,1058489433,731811996,326677437,6780798,13976,559.571
31-10-2021,India,34285814,12514,458437,251,608319915,1257296,1062631351,733542729,329088622,4141918,13720,532.143
01-11-2021,India,34296237,10423,458880,443,609201294,881379,1067654329,735580368,332073961,5022978,13433.571,544.571
02-11-2021,India,34308140,11903,459191,311,610210339,1009045,1069718646,736446575,333272071,2064317,13212.429,505.429
03-11-2021,India,34321025,12885,459652,461,611278853,1068514,1075059421,738501950,336557471,5340775,12745.143,466.571
04-11-2021,India,34333754,12729,459873,221,612346767,1067914,1077107323,739357801,337749522,2047902,12513.857,383.143
05-11-2021,India,34344683,10929,460265,392,613017614,670847,1077793623,739594039,338199584,686300,12030.429,360.714
06-11-2021,India,34355509,10826,460791,526,613965751,948137,1080177477,740368395,339809082,2383854,11744.143,372.143
07-11-2021,India,34366987,11478,461057,266,614885747,919996,1083142285,741210655,341931630,2964808,11596.143,374.286
08-11-2021,India,34377113,10126,461389,332,616071949,1186202,1088236037,742750155,345485882,5093752,11553.714,358.429
09-11-2021,India,34388579,11466,461849,460,617223931,1151982,1092148139,743984381,348163758,3912102,11491.286,379.714
10-11-2021,India,34401670,13091,462189,340,618502659,1278728,1097806371,745597244,352209127,5658232,11520.714,362.429
11-11-2021,India,34414186,12516,462690,501,619902064,1399405,1102775592,746872225,355903367,4969221,11490.286,402.429
12-11-2021,India,34426036,11850,463245,555,621067350,1165286,1111423316,749179463,362243853,8647724,11621.857,425.714
13-11-2021,India,34437307,11271,463530,285,622333939,1266589,1119180353,751481608,367698745,7757037,11685.429,391.286
14-11-2021,India,34447536,10229,463655,125,623751344,1417405,1122889436,752662221,370227215,3709083,11507,371.143
15-11-2021,India,34456401,8865,463852,197,624666542,915198,1126981490,753932806,373048684,4092054,11326.857,351.857
16-11-2021,India,34466598,10197,464153,301,625774159,1107617,1133688213,756052687,377635526,6706723,11145.571,329.143
17-11-2021,India,34478517,11919,464623,470,627016336,1242177,1141006707,758251605,382755102,7318494,10978.143,347.714
18-11-2021,India,34489623,11106,465082,459,628248841,1232505,1148786886,760532284,388254602,7780179,10776.714,341.714
19-11-2021,India,34499925,10302,465349,267,629387540,1138699,1153595556,762169283,391426273,4808670,10555.571,300.571
20-11-2021,India,34510413,10488,465662,313,630575279,1187739,1163685005,765364845,398320160,10089449,10443.714,304.571
21-11-2021,India,34518901,8488,465911,249,631649378,1074099,1168057227,766988022,401069205,4372222,10195,322.286
22-11-2021,India,34526480,7579,466147,236,632524259,874881,1175843376,769596553,406246823,7786149,10011.286,327.857
23-11-2021,India,34535763,9283,466584,437,633489239,964980,1183947210,772215710,411731500,8103834,9880.714,347.286
24-11-2021,India,34544882,9119,466980,396,634774225,1284986,1193769229,775076432,418692797,9822019,9480.714,336.714
25-11-2021,India,34555431,10549,467468,488,635924763,1150538,1198528642,776515911,422012731,4759413,9401.143,340.857
26-11-2021,India,34563749,8318,467933,465,637106009,1181246,1210758081,780551005,430207076,12229439,9117.714,369.143
27-11-2021,India,34572523,8774,468554,621,638247889,1141880,1212493046,781075743,431417303,1734965,8872.857,413.143
28-11-2021,India,34580832,8309,468790,236,639427262,1179373,1223194701,784647922,438546779,10701655,8847.286,411.286
29-11-2021,India,34587822,6990,468980,190,640291325,864063,1228492006,786355397,442136609,5297305,8763.143,404.714
30-11-2021,India,34596776,8954,469247,267,641303848,1012523,1237055142,789054196,448000946,8563136,8716.143,380.429
01-12-2021,India,34606541,9765,469724,477,642412315,1108467,1245517176,791626543,453890633,8462034,8808.429,392
02-12-2021,India,34615757,9216,470115,391,643510926,1098611,1255866411,794528313,461338098,10349235,8618,378.143
03-12-2021,India,34624360,8603,470530,415,644668082,1157156,1261728028,796283823,465444205,5861617,8658.714,371
04-12-2021,India,34624360,0,470530,0,646026786,1358704,1273806245,799745524,474060721,12078217,7405.286,282.286
05-12-2021,India,34641561,17201,473537,3007,647252850,1226064,1278763558,801417375,477346183,4957313,8675.571,678.143
06-12-2021,India,34648383,6822,473757,220,648259067,1006217,1283718063,802894059,480824004,4954505,8651.571,682.429
07-12-2021,India,34656822,8439,473952,195,649447014,1187947,1291962219,805404596,486557623,8244156,8578,672.143
08-12-2021,India,34666241,9419,474111,159,650660144,1213130,1299875078,807755550,492119528,7912859,8528.571,626.714
09-12-2021,India,34674643,8402,474479,368,651950127,1289983,1308244539,810142506,498102033,8369461,8412.286,623.429
10-12-2021,India,34682633,7990,474872,393,653243539,1293412,1312375088,811443992,500931096,4130549,8324.714,620.286
11-12-2021,India,34690510,7877,475434,562,654627300,1383761,1327494248,815387998,512106250,15119160,9450,700.571
12-12-2021,India,34697860,7350,475636,202,655816759,1189459,1331399226,816708250,514690976,3904978,8042.714,299.857
13-12-2021,India,34703644,5784,475888,252,656672451,855692,1335465563,817907560,517558003,4066337,7894.429,304.429
14-12-2021,India,34710628,6984,476135,247,657662933,990482,1346291425,820963910,525327515,10825862,7686.571,311.857
15-12-2021,India,34718602,7974,476478,343,658847816,1184883,1352485358,822545653,529939705,6193933,7480.143,338.143
16-12-2021,India,34726049,7447,476869,391,660247762,1399946,1356491248,823451038,533040210,4005890,7343.714,341.429
17-12-2021,India,34726049,0,476869,0,661507694,1259932,1365366923,825531190,539835733,8875675,6202.286,285.286
18-12-2021,India,34733194,7145,477158,289,662897388,1389694,1373057489,827368472,545689017,7690566,6097.714,246.286
19-12-2021,India,34746838,13644,477554,396,664109365,1211977,1376428862,828319595,548109267,3371373,6996.857,274
20-12-2021,India,34752164,5326,478007,453,665112580,1003215,1380223188,829219869,551003319,3794326,6931.429,302.714
21-12-2021,India,34758481,6317,478325,318,666126659,1014079,1388521671,831142523,557379148,8298483,6836.143,312.857
22-12-2021,India,34765976,7495,478759,434,667356171,1229512,1391050278,831763875,559286403,2528607,6767.714,325.857
23-12-2021,India,34772626,6650,479133,374,668643929,1287758,1398221289,833265701,564955588,7171011,6653.857,323.429
24-12-2021,India,34779815,7189,479520,387,669809816,1165887,1404556570,834737784,569818786,6335281,7680.857,378.714
25-12-2021,India,34786802,6987,479682,162,671051627,1241811,1413981791,837078735,576903056,9425221,7658.286,360.571
26-12-2021,India,34793333,6531,479997,315,671997082,945455,1414731603,837294288,577437315,749812,6642.143,349
27-12-2021,India,34799691,6358,480290,293,672936621,939539,1418447119,838318164,580128955,3715516,6789.571,326.143
28-12-2021,India,34808886,9195,480592,302,674078531,1141910,1426069774,840095473,585974301,7622655,7200.714,323.857
29-12-2021,India,34822040,13154,480860,268,675246143,1167612,1435195841,842315450,592880391,9126067,8009.143,300.143
30-12-2021,India,34838804,16764,481080,220,676445395,1199252,1438717497,843220793,595496704,3521656,9454,278.143
31-12-2021,India,34861579,22775,481486,406,677878255,1432860,1448865422,845640601,603224821,10147925,11680.571,280.857
01-01-2022,India,34889132,27553,481770,284,678989110,1110855,1454069802,846975771,607094031,5204380,14618.571,298.286
02-01-2022,India,34922882,33750,481893,123,680071486,1082376,1456586234,847665306,608920928,2516432,18507,270.857
03-01-2022,India,34960261,37379,482017,124,680950476,878990,1464526170,852570971,611955199,7939936,22938.571,246.714
04-01-2022,India,35018358,58097,482551,534,682428595,1478119,1472330269,857788520,614541749,7804099,29924.571,279.857
05-01-2022,India,35109286,90928,482876,325,683817242,1388647,1482203963,864466425,617737538,9873694,41035.143,288
06-01-2022,India,35226386,117100,483178,302,685305751,1488509,1491991022,871088714,620902308,9787059,55368.857,299.714
07-01-2022,India,35368372,141986,483463,285,686819128,1513377,1505591911,879625063,625966848,13600889,72399,282.429
08-01-2022,India,35528004,159632,483790,327,688470959,1651831,1508007415,880930714,627076701,2415504,91267.429,288.571
09-01-2022,India,35707727,179723,483936,146,690034525,1563566,1517705282,886204082,631501200,9697867,112120.714,291.857
10-01-2022,India,35875790,168063,484213,277,691575352,1540827,1524222751,889459819,634265259,6517469,130789.857,313.714
11-01-2022,India,36070510,194720,484655,442,693155280,1579928,1537841948,895852039,640117846,13619197,150307.429,300.571
12-01-2022,India,36317927,247417,485035,380,695274380,2119100,1544297708,898710263,643070555,6455760,172663,308.429
13-01-2022,India,36582129,264202,485446,411,,,1553919710,903038624,647586748,9622002,193677.571,324
14-01-2022,India,36850962,268833,485752,306,699099084,,1556478542,904086765,648878102,2558832,211798.571,327
15-01-2022,India,37122164,271202,486066,314,700712824,1613740,1565638547,908005349,653514044,9160005,227737.143,325.143
16-01-2022,India,37380253,258089,486451,385,702448838,1736014,1570696006,910386043,656011893,5057459,238932.286,359.286
17-01-2022,India,37618271,238018,486761,310,703762282,1313444,1575863289,912552134,658614500,5167283,248925.857,364
18-01-2022,India,37901241,282970,487202,441,705411425,1649143,1576006300,912567911,658765881,143011,261533,363.857
19-01-2022,India,38218773,317532,487693,491,707421650,2010225,1592451490,919059606,667552043,16445190,271549.429,379.714
20-01-2022,India,38566027,347254,488396,703,709356830,1935180,1600333779,922087216,671853985,7882289,283414,421.429
21-01-2022,India,38903731,337704,488884,488,711538938,2182108,1609613007,925500152,677041072,9279228,293252.714,447.429
22-01-2022,India,39237264,333533,489409,525,713499892,1960954,1617088106,928133309,681368115,7475099,302157.143,477.571
23-01-2022,India,39543328,306064,489848,439,715520580,2020688,1622210924,929971622,684436700,5122818,309010.714,485.286
24-01-2022,India,39799202,255874,490462,614,716995333,1474753,1623419845,930359898,685102189,1208921,311561.571,528.714
25-01-2022,India,40085116,285914,491127,665,718802433,1807100,1630312330,932606511,689133722,6892485,311982.143,560.714
26-01-2022,India,40371500,286384,491700,573,720572178,1769745,1636183520,934468791,692645423,5871190,307532.429,572.429
27-01-2022,India,40622709,251209,492327,627,722166248,1594070,1639112704,935294849,694410120,2929184,293811.714,561.571
28-01-2022,India,40858241,235532,493198,871,723748555,1582307,1645293992,937107027,698115220,6181288,279215.714,616.286
29-01-2022,India,41092522,234281,494091,893,725774705,2026150,1650461284,938645671,701262521,5167292,265036.857,668.857
30-01-2022,India,41302440,209918,495050,959,727390698,1615993,1657362150,940755706,705405482,6900866,251301.714,743.143
31-01-2022,India,41469499,167059,496242,1192,728997813,1607115,1664786038,943027714,709926447,7423888,238613.857,825.714
01-02-2022,India,41630885,161386,497975,1733,730697193,1699380,1671163877,944749420,714073668,6377839,220824.143,978.286
02-02-2022,India,41803318,172433,498983,1008,732439986,1742793,1677030680,946259127,717972069,5866803,204545.429,1040.429
03-02-2022,India,41952712,149394,500055,1072,734192614,1752628,1681517744,947341172,721020585,4487064,190000.429,1104
04-02-2022,India,42080664,127952,501114,1059,735804280,1611666,1687048487,948717449,724768356,5530743,174631.857,1130.857
05-02-2022,India,42188138,107474,501979,865,737932233,2127953,1693177165,950308975,728875616,6128678,156516.571,1126.857
06-02-2022,India,42272014,83876,502874,895,740187141,2254908,1695886196,951213177,730532500,2709031,138510.571,1117.714
07-02-2022,India,42339611,67597,504062,1188,741561587,1374446,1696048044,951263816,730627102,161848,124301.714,1117.143
08-02-2022,India,42410976,71365,505279,1217,742908121,1346534,1702679391,952678279,736217486,6631347,111441.571,1043.429
09-02-2022,India,42478060,67084,506520,1241,744684750,1776629,1710023580,954257234,740575198,7344189,96391.714,1076.714
10-02-2022,India,42536137,58077,507177,657,746196071,1511321,1710398811,954313669,740861221,375231,83346.429,1017.429
11-02-2022,India,42586544,50407,507981,804,747870047,1673976,1720173263,956363985,747888827,9774452,72268.571,981
12-02-2022,India,42631421,44877,508665,684,749320579,1450532,1723371281,957047881,750185166,3198018,63326.143,955.143
13-02-2022,India,42665534,34113,509011,346,750735858,1415279,1727912049,958033046,753481207,4540768,56217.143,876.714
14-02-2022,India,42692943,27409,509358,347,751803766,1067908,1729729648,958462316,754746231,1817599,50476,756.571
15-02-2022,India,42723558,30615,509872,514,753033302,1229536,1736068837,959602131,759530099,6339189,44654.571,656.143
16-02-2022,India,42754315,30757,510413,541,754284979,1251677,1738650284,960091888,761473602,2581447,39465,556.143
17-02-2022,India,42780235,25920,510905,492,755532460,1247481,1743931966,961022242,765507484,5281682,34871.143,532.571
18-02-2022,India,42802505,22270,511230,325,756851787,1319327,1747936912,961693778,768626041,4004946,30851.571,464.143
19-02-2022,India,42822473,19968,511903,673,758127480,1275693,1751467446,962283459,771380004,3530534,27293.143,462.571
20-02-2022,India,42838524,16051,512109,206,759315246,1187766,1753406786,962616766,772901521,1939340,24712.857,442.571
21-02-2022,India,42851929,13405,512344,235,760146333,831087,1755791055,962967313,774808452,2384269,22712.286,426.571
22-02-2022,India,42867031,15102,512622,278,761230580,1084247,1759523094,963517480,777816191,3732039,20496.143,392.857
23-02-2022,India,42881179,14148,512924,302,762414018,1183438,1761691159,963841804,779561195,2168065,18123.429,358.714
24-02-2022,India,42894345,13166,513226,302,763569165,1155147,1764970949,964304634,782222068,3279790,16301.429,331.571
25-02-2022,India,42905844,11499,513481,255,,,1768596814,964818498,785172630,3625865,14762.714,321.571
26-02-2022,India,42916117,10273,513724,243,765735314,,1772317897,965336168,788213991,3721083,13377.714,260.143
27-02-2022,India,42924130,8013,513843,119,766757518,1022204,1773724815,965531308,789372639,1406918,12229.429,247.714
28-02-2022,India,42931045,6915,514023,180,767481346,723828,1775178647,965733580,790556254,1453832,11302.286,239.857
01-03-2022,India,42938599,7554,514246,223,768382993,901647,1776674379,965923463,791803734,1495732,10224,232
02-03-2022,India,42945160,6561,514388,142,769167052,784059,1778253673,966125454,793112322,1579294,9140.143,209.143
03-03-2022,India,42951556,6396,514589,201,770050005,882953,1781445039,966508496,795778169,3191366,8173,194.714
04-03-2022,India,42957477,5921,514878,289,770973356,923351,1784081444,966810216,797997103,2636405,7376.143,199.571
05-03-2022,India,42962953,5476,515036,158,771914261,940905,1786849348,967153861,800304849,2767904,6690.857,187.429
06-03-2022,India,42967315,4362,515102,66,772824246,909985,1787845508,967279389,801141086,996160,6169.286,179.857
07-03-2022,India,42971308,3993,515210,108,773437172,612926,1789317128,967460932,802358408,1471620,5751.857,169.571
08-03-2022,India,42975883,4575,515355,145,774310567,873395,1791553063,967725805,804228336,2235935,5326.286,158.429
09-03-2022,India,42980067,4184,515459,104,775208471,897904,1793520158,967946798,805886615,1967095,4986.714,153
10-03-2022,India,42984261,4194,515714,255,776082445,873974,1795443790,968154309,807510151,1923632,4672.143,160.714
11-03-2022,India,42987875,3614,515803,89,776894810,812365,1798217482,968454151,809861857,2773692,4342.571,132.143
12-03-2022,India,42990991,3116,515850,47,777758414,863604,1799411716,968594304,810857880,1194234,4005.429,116.286
13-03-2022,India,42993494,2503,515877,27,778520151,761737,1800720203,968738370,811980554,1308487,3739.857,110.714
14-03-2022,India,42996062,2568,515974,97,779052383,532232,1802515613,968928555,813501336,1795410,3536.286,109.143
15-03-2022,India,42998938,2876,516072,98,,,1804173297,969097787,814906002,1657684,3293.571,102.429
16-03-2022,India,43001477,2539,516132,60,,,1806005751,969281482,816469839,1832454,3058.571,96.143
17-03-2022,India,43004005,2528,516281,149,,,1808015400,970008356,817667068,2009649,2820.571,81
18-03-2022,India,43006080,2075,516352,71,,,1809229692,970523455,818324294,1214292,2600.714,78.429
19-03-2022,India,43007841,1761,516479,127,,,1810472831,971067179,818968798,1243139,2407.143,89.857
20-03-2022,India,43009390,1549,516510,31,,,,,,,2270.857,90.429
